<?xml version="1.0" encoding="UTF-8"?>
<project-private xmlns="http://www.netbeans.org/ns/project-private/1">
    <editor-bookmarks xmlns="http://www.netbeans.org/ns/editor-bookmarks/2" lastBookmarkId="0"/>
    <open-files xmlns="http://www.netbeans.org/ns/projectui-open-files/2">
        <group>
            <file>file:/D:/Document/Programmation/GraphismeV2/src/Controleur/Launcher.java</file>
            <file>file:/D:/Document/Programmation/GraphismeV2/src/Vue/MenuJouer.java</file>
            <file>file:/D:/Document/Programmation/GraphismeV2/src/Vue/MenuPrincipal.java</file>
            <file>file:/D:/Document/Programmation/GraphismeV2/src/Vue/MenuAide.java</file>
            <file>file:/D:/Document/Programmation/GraphismeV2/src/Vue/MenuOptions.java</file>
        </group>
    </open-files>
</project-private>
