<?xml version="1.0" encoding="UTF-8"?>
<project-private xmlns="http://www.netbeans.org/ns/project-private/1">
    <editor-bookmarks xmlns="http://www.netbeans.org/ns/editor-bookmarks/2" lastBookmarkId="0"/>
    <open-files xmlns="http://www.netbeans.org/ns/projectui-open-files/2">
        <group>
            <file>file:/Users/Victor/Documents/Programmes/SuperBillard_V1/src/Modèle/Balle.java</file>
            <file>file:/Users/Victor/Documents/Programmes/SuperBillard_V1/src/vue/MenuJouer.java</file>
            <file>file:/Users/Victor/Documents/Programmes/SuperBillard_V1/src/controleur/SuperBillardV1.java</file>
            <file>file:/Users/Victor/Documents/Programmes/SuperBillard_V1/src/Modèle/TrouDeTable.java</file>
            <file>file:/Users/Victor/Documents/Programmes/SuperBillard_V1/src/Modèle/Table.java</file>
            <file>file:/Users/Victor/Documents/Programmes/SuperBillard_V1/src/Modèle/BalleBlanche.java</file>
        </group>
    </open-files>
</project-private>
