<?xml version="1.0" encoding="UTF-8"?>
<project-private xmlns="http://www.netbeans.org/ns/project-private/1">
    <editor-bookmarks xmlns="http://www.netbeans.org/ns/editor-bookmarks/2" lastBookmarkId="1">
        <file>
            <url>src/vue/MenuAide.java</url>
            <bookmark id="1">
                <name/>
                <line>0</line>
                <key/>
            </bookmark>
        </file>
    </editor-bookmarks>
    <open-files xmlns="http://www.netbeans.org/ns/projectui-open-files/2">
        <group>
            <file>file:/C:/Users/usager/Desktop/SBv4_Edouard/src/vue/MenuJouer.java</file>
            <file>file:/C:/Users/usager/Desktop/SBv4_Edouard/src/vue/MenuPrincipal.java</file>
            <file>file:/C:/Users/usager/Desktop/SBv4_Edouard/src/modele/EnsembleDeBalles.java</file>
            <file>file:/C:/Users/usager/Desktop/SBv4_Edouard/src/controleur/Launcher.java</file>
            <file>file:/C:/Users/usager/Desktop/SBv4_Edouard/src/modele/GestionPartie.java</file>
        </group>
    </open-files>
</project-private>
