<?xml version="1.0" encoding="UTF-8"?>
<project-private xmlns="http://www.netbeans.org/ns/project-private/1">
    <editor-bookmarks xmlns="http://www.netbeans.org/ns/editor-bookmarks/2" lastBookmarkId="0"/>
    <open-files xmlns="http://www.netbeans.org/ns/projectui-open-files/2">
        <group>
            <file>file:/C:/Users/Vittorio%20Passuello-D/Documents/Collège%20Rosemont/Hiver%202017/Remise%20SuperBillard_v2/SuperBillard_v2/src/modele/BalleHuit.java</file>
            <file>file:/C:/Users/Vittorio%20Passuello-D/Documents/Collège%20Rosemont/Hiver%202017/Remise%20SuperBillard_v2/SuperBillard_v2/src/modele/BalleBlanche.java</file>
            <file>file:/C:/Users/Vittorio%20Passuello-D/Documents/Collège%20Rosemont/Hiver%202017/Remise%20SuperBillard_v2/SuperBillard_v2/src/modele/EnsembleDeBalles.java</file>
            <file>file:/C:/Users/Vittorio%20Passuello-D/Documents/Collège%20Rosemont/Hiver%202017/Remise%20SuperBillard_v2/SuperBillard_v2/src/modele/Balle.java</file>
            <file>file:/C:/Users/Vittorio%20Passuello-D/Documents/Collège%20Rosemont/Hiver%202017/Remise%20SuperBillard_v2/SuperBillard_v2/src/controleur/Launcher.java</file>
        </group>
    </open-files>
</project-private>
