<?xml version="1.0" encoding="UTF-8"?>
<project-private xmlns="http://www.netbeans.org/ns/project-private/1">
    <editor-bookmarks xmlns="http://www.netbeans.org/ns/editor-bookmarks/2" lastBookmarkId="0"/>
    <open-files xmlns="http://www.netbeans.org/ns/projectui-open-files/2">
        <group>
            <file>file:/I:/SBv2%20updated%202017-04-02/SBv2%20Collisions%20tranfert%20total%20energie/CollisionsElastiquesSB_V2/src/vue/MenuJouer.java</file>
            <file>file:/I:/SBv2%20updated%202017-04-02/SBv2%20Collisions%20tranfert%20total%20energie/CollisionsElastiquesSB_V2/src/Modèle/EnsembleDeBalles.java</file>
        </group>
    </open-files>
</project-private>
