<?xml version="1.0" encoding="UTF-8"?>
<project-private xmlns="http://www.netbeans.org/ns/project-private/1">
    <editor-bookmarks xmlns="http://www.netbeans.org/ns/editor-bookmarks/2" lastBookmarkId="0"/>
    <open-files xmlns="http://www.netbeans.org/ns/projectui-open-files/2">
        <group>
            <file>file:/E:/SBv2%20update%202017-04-05/Version%20avec%20toutes%20les%20balles%20et%20collisions/CollisionsElastiquesSB_V2/src/Modèle/Balle.java</file>
            <file>file:/E:/SBv2%20update%202017-04-05/Version%20avec%20toutes%20les%20balles%20et%20collisions/CollisionsElastiquesSB_V2/src/Modèle/EnsembleDeBalles.java</file>
            <file>file:/E:/SBv2%20update%202017-04-05/Version%20avec%20toutes%20les%20balles%20et%20collisions/CollisionsElastiquesSB_V2/src/vue/MenuJouer.java</file>
        </group>
    </open-files>
</project-private>
