<?xml version="1.0" encoding="UTF-8"?>
<project-private xmlns="http://www.netbeans.org/ns/project-private/1">
    <editor-bookmarks xmlns="http://www.netbeans.org/ns/editor-bookmarks/2" lastBookmarkId="0"/>
    <open-files xmlns="http://www.netbeans.org/ns/projectui-open-files/2">
        <group>
            <file>file:/F:/SBv3/src/vue/MenuPrincipal.java</file>
            <file>file:/F:/SBv3/src/vue/MenuOptions.java</file>
            <file>file:/F:/SBv3/src/controleur/Launcher.java</file>
            <file>file:/F:/SBv3/src/modele/GestionPartie.java</file>
            <file>file:/F:/SBv3/src/vue/MenuAide.java</file>
            <file>file:/F:/SBv3/src/modele/EnsembleDeBalles.java</file>
            <file>file:/F:/SBv3/src/vue/MenuJouer.java</file>
        </group>
    </open-files>
</project-private>
